[
    {
        "timestamp": "2025-06-27T15:20:21.427997",
        "module": "Tourism",
        "response_time_ms": 1018
    },
    {
        "timestamp": "2025-06-27T15:20:43.851618",
        "module": "MM2H",
        "response_time_ms": 891
    },
    {
        "timestamp": "2025-06-27T15:27:37.508824",
        "module": "MM2H",
        "response_time_ms": 5051
    },
    {
        "timestamp": "2025-06-27T15:27:54.300715",
        "module": "MM2H",
        "response_time_ms": 2930
    },
    {
        "timestamp": "2025-06-27T15:28:05.856014",
        "module": "MM2H",
        "response_time_ms": 6832
    },
    {
        "timestamp": "2025-06-27T15:28:36.388172",
        "module": "MM2H",
        "response_time_ms": 3563
    },
    {
        "timestamp": "2025-06-27T15:29:03.328983",
        "module": "MM2H",
        "response_time_ms": 6750
    },
    {
        "timestamp": "2025-06-27T15:29:33.247995",
        "module": "MM2H",
        "response_time_ms": 7533
    },
    {
        "timestamp": "2025-06-27T15:29:49.966119",
        "module": "MM2H",
        "response_time_ms": 2604
    },
    {
        "timestamp": "2025-06-27T15:30:46.670176",
        "module": "Tourism",
        "response_time_ms": 3596
    },
    {
        "timestamp": "2025-06-27T15:31:06.119462",
        "module": "Tourism",
        "response_time_ms": 6059
    },
    {
        "timestamp": "2025-06-27T15:31:37.247091",
        "module": "Tourism",
        "response_time_ms": 3901
    },
    {
        "timestamp": "2025-06-28T15:25:08.457665",
        "module": "Tourism",
        "response_time_ms": 2923,
        "user_id": "guest",
        "question": "Hi",
        "response": "Hello there! How can I assist you with information about Sarawak’s attractions or festivals today?"
    },
    {
        "timestamp": "2025-06-28T16:48:49.711754",
        "module": "Tourism",
        "response_time_ms": 4019,
        "user_id": "guest",
        "question": "Hi",
        "response": "Hello! How can I assist you with Sarawak tourism today?"
    },
    {
        "timestamp": "2025-06-28T16:48:57.527467",
        "module": "Tourism",
        "response_time_ms": 3863,
        "user_id": "guest",
        "question": "Who are you?",
        "response": "I don’t have that information."
    },
    {
        "timestamp": "2025-06-28T16:49:04.033711",
        "module": "Tourism",
        "response_time_ms": 4218,
        "user_id": "guest",
        "question": "Byr",
        "response": "I’m sorry, I don’t have that information."
    },
    {
        "timestamp": "2025-06-28T16:49:08.377839",
        "module": "Tourism",
        "response_time_ms": 3640,
        "user_id": "guest",
        "question": "Bye",
        "response": "Goodbye! Hope to chat with you again about Sarawak’s amazing sights and festivals soon. Safe travels!"
    },
    {
        "timestamp": "2025-07-02T01:52:44.917357",
        "module": "Tourism",
        "response_time_ms": 5354,
        "user_id": "guest",
        "question": "你好",
        "response": "I don't have that information."
    },
    {
        "timestamp": "2025-07-02T01:53:32.413818",
        "module": "Tourism",
        "response_time_ms": 43045,
        "user_id": "guest",
        "question": "Hi",
        "response": "I don't have that information."
    },
    {
        "timestamp": "2025-07-02T01:53:58.300705",
        "module": "Tourism",
        "response_time_ms": 6852,
        "user_id": "guest",
        "question": "What can you tell me about Sarawak Tourism?",
        "response": "Sarawak offers vibrant cultural experiences and stunning natural wonders. One highlight is Gawai Dayak, celebrated every June 1st by the Dayak communities. This lively festival marks the end of the harvest season with rituals, traditional music, dance, and feasting—including *tuak* (rice wine). For nature enthusiasts, Gunung Mulu National Park, a UNESCO World Heritage Site, showcases incredible biodiversity. Rare sights like pitcher plants growing on cliff faces, as spotted by @shonephoto, highlight the park’s unique ecosystems."
    },
    {
        "timestamp": "2025-07-02T02:27:47.426623",
        "module": "Tourism",
        "response_time_ms": 13626,
        "user_id": "guest",
        "question": "Yo-ho",
        "response": "I don't have that information."
    },
    {
        "timestamp": "2025-07-02T03:32:05.125852",
        "module": "Tourism",
        "response_time_ms": 12142,
        "user_id": "guest",
        "question": "你好",
        "response": "你好！需要了解砂拉越的旅游信息，比如文化节庆或景点，随时告诉我哦！"
    },
    {
        "timestamp": "2025-07-02T03:32:56.194503",
        "module": "Tourism",
        "response_time_ms": 10211,
        "user_id": "guest",
        "question": "情绪",
        "response": "The Gawai Dayak festival is filled with gratitude, unity, and a sense of renewal—celebrated joyfully with rituals, music, and communal feasting."
    },
    {
        "timestamp": "2025-07-02T03:33:32.964793",
        "module": "Tourism",
        "response_time_ms": 4939,
        "user_id": "guest",
        "question": "尊重自己的能力",
        "response": "I don't have that information."
    },
    {
        "timestamp": "2025-07-02T03:34:10.177505",
        "module": "Tourism",
        "response_time_ms": 14466,
        "user_id": "guest",
        "question": "Gunong Mulu National Park",
        "response": "Gunong Mulu National Park in Sarawak, Borneo, is a UNESCO World Heritage Site renowned for its incredible biodiversity. It hosts unique flora like pitcher plants, which were even spotted thriving on cliff faces hundreds of meters high—a testament to nature’s adaptability."
    },
    {
        "timestamp": "2025-07-02T03:34:32.831623",
        "module": "Tourism",
        "response_time_ms": 5680,
        "user_id": "guest",
        "question": "勇敢的追求真正要的成果",
        "response": "I don't have that information."
    },
    {
        "timestamp": "2025-07-02T04:02:58.198649",
        "module": "Tourism",
        "response_time_ms": 7075,
        "user_id": "guest",
        "question": "你好",
        "response": "你好！欢迎询问关于砂拉越旅游的信息，包括文化庆典、自然景点等。请问您想了解什么呢？"
    },
    {
        "timestamp": "2025-07-02T09:07:35.617578",
        "module": "Tourism",
        "response_time_ms": 5589,
        "user_id": "guest",
        "question": "hi",
        "response": "Hi! Welcome to Sarawak! Are you curious about the vibrant Gawai Dayak festival celebrated every June 1st by the Dayak communities, or perhaps interested in exploring the UNESCO-listed Gunung Mulu National Park and its rare cliff-dwelling pitcher plants? Let me know how I can assist! 😊"
    },
    {
        "timestamp": "2025-07-02T09:07:48.394807",
        "module": "Tourism",
        "response_time_ms": 74564,
        "user_id": "guest",
        "question": "你好",
        "response": "您好！关于砂拉越的旅游信息，您可以了解丰收节（Gawai Dayak）或姆鲁山国家公园哦！需要具体介绍吗？"
    },
    {
        "timestamp": "2025-07-02T09:08:18.549459",
        "module": "Tourism",
        "response_time_ms": 13982,
        "user_id": "guest",
        "question": "Who are you?",
        "response": "I don't have that information."
    },
    {
        "timestamp": "2025-07-02T12:19:19.736966",
        "module": "Tourism",
        "response_time_ms": 1237,
        "user_id": "guest",
        "question": "data science",
        "response": "Error: Error code: 401 - {'error': {'message': 'No auth credentials found', 'code': 401}}"
    },
    {
        "timestamp": "2025-07-02T12:19:33.280017",
        "module": "Tourism",
        "response_time_ms": 439,
        "user_id": "guest",
        "question": "hi",
        "response": "Error: Error code: 401 - {'error': {'message': 'No auth credentials found', 'code': 401}}"
    },
    {
        "timestamp": "2025-07-02T12:21:37.270371",
        "module": "Tourism",
        "response_time_ms": 1606,
        "user_id": "guest",
        "question": "hi",
        "response": "Hello! How can I assist you with Sarawak tourism information today?"
    },
    {
        "timestamp": "2025-07-02T12:21:44.065518",
        "module": "Tourism",
        "response_time_ms": 883,
        "user_id": "guest",
        "question": "data science",
        "response": "I don't have that information."
    },
    {
        "timestamp": "2025-07-02T12:51:55.181665",
        "module": "Tourism",
        "response_time_ms": 2178,
        "user_id": "guest",
        "question": "Tell me something about data science",
        "response": "I don't have that information."
    },
    {
        "timestamp": "2025-07-02T12:58:24.400591",
        "module": "Tourism",
        "response_time_ms": 821,
        "user_id": "guest",
        "question": "Tell me something about Master of Information Technology",
        "response": "I don't have that information."
    },
    {
        "timestamp": "2025-07-02T14:17:11.174105",
        "module": "Tourism",
        "response_time_ms": 1647,
        "user_id": "guest",
        "question": "hi",
        "response": "Hello! How can I assist you with Sarawak tourism information today?"
    },
    {
        "timestamp": "2025-07-02T14:20:20.597438",
        "module": "Tourism",
        "response_time_ms": 1476,
        "user_id": "guest",
        "question": "what model you are",
        "response": "I am ChatGPT."
    },
    {
        "timestamp": "2025-07-02T14:21:11.428769",
        "module": "Tourism",
        "response_time_ms": 1493,
        "user_id": "guest",
        "question": "what model you are",
        "response": "I am ChatGPT."
    },
    {
        "timestamp": "2025-07-04T14:13:43.733490",
        "module": "Tourism",
        "response_time_ms": 1756,
        "user_id": "guest",
        "question": "what model you are",
        "response": "I am ChatGPT."
    },
    {
        "timestamp": "2025-07-04T14:15:12.487861",
        "module": "Tourism",
        "response_time_ms": 1381,
        "user_id": "guest",
        "question": "what model you are",
        "response": "I am ChatGPT."
    },
    {
        "timestamp": "2025-07-04T14:23:05.602844",
        "module": "Tourism",
        "response_time_ms": 1467,
        "user_id": "guest",
        "question": "what model you are",
        "response": "I am ChatGPT."
    },
    {
        "timestamp": "2025-07-04T14:23:34.915419",
        "module": "Tourism",
        "response_time_ms": 800,
        "user_id": "guest",
        "question": "what model you are",
        "response": "I am ChatGPT."
    },
    {
        "timestamp": "2025-07-04T14:23:48.893931",
        "module": "MM2H",
        "response_time_ms": 783,
        "user_id": "guest",
        "question": "what model you are",
        "response": "I don’t have that information."
    },
    {
        "timestamp": "2025-07-04T14:24:41.419434",
        "module": "Tourism",
        "response_time_ms": 833,
        "user_id": "guest",
        "question": "what model you are",
        "response": "I am ChatGPT."
    },
    {
        "timestamp": "2025-07-04T14:25:26.572617",
        "module": "Tourism",
        "response_time_ms": 766,
        "user_id": "guest",
        "question": "what model you are",
        "response": "I am ChatGPT."
    },
    {
        "timestamp": "2025-07-04T14:25:58.970604",
        "module": "Tourism",
        "response_time_ms": 791,
        "user_id": "guest",
        "question": "what model you are",
        "response": "I am ChatGPT."
    },
    {
        "timestamp": "2025-07-07T04:20:34.768459",
        "module": "Tourism",
        "response_time_ms": 1859,
        "user_id": "guest",
        "question": "what model you are",
        "response": "I am ChatGPT."
    },
    {
        "timestamp": "2025-07-07T04:21:00.608089",
        "module": "Tourism",
        "response_time_ms": 1043,
        "user_id": "guest",
        "question": "what model you are",
        "response": "I am ChatGPT."
    },
    {
        "timestamp": "2025-07-07T04:27:54.080314",
        "module": "Tourism",
        "response_time_ms": 1683,
        "user_id": "guest",
        "question": "what model you are",
        "response": "I am ChatGPT."
    },
    {
        "timestamp": "2025-07-07T04:30:02.039779",
        "module": "Tourism",
        "response_time_ms": 1553,
        "user_id": "guest",
        "question": "what model you are",
        "response": "I am ChatGPT."
    },
    {
        "timestamp": "2025-07-07T04:32:25.365626",
        "module": "Tourism",
        "response_time_ms": 431,
        "user_id": "guest",
        "question": "what model you are",
        "response": "Error: Error code: 401 - {'error': {'message': 'Incorrect API key provided: sk-.... You can find your API key at https://platform.openai.com/account/api-keys.', 'type': 'invalid_request_error', 'param': None, 'code': 'invalid_api_key'}}"
    },
    {
        "timestamp": "2025-07-07T04:33:27.961076",
        "module": "Tourism",
        "response_time_ms": 804,
        "user_id": "guest",
        "question": "what model you are",
        "response": "Error: Error code: 401 - {'error': {'message': 'Incorrect API key provided: sk-.... You can find your API key at https://platform.openai.com/account/api-keys.', 'type': 'invalid_request_error', 'param': None, 'code': 'invalid_api_key'}}"
    },
    {
        "timestamp": "2025-07-07T04:34:05.321358",
        "module": "Tourism",
        "response_time_ms": 386,
        "user_id": "guest",
        "question": "what model you are",
        "response": "Error: Error code: 401 - {'error': {'message': 'Incorrect API key provided: sk-.... You can find your API key at https://platform.openai.com/account/api-keys.', 'type': 'invalid_request_error', 'param': None, 'code': 'invalid_api_key'}}"
    },
    {
        "timestamp": "2025-07-07T04:34:55.252708",
        "module": "Tourism",
        "response_time_ms": 1351,
        "user_id": "guest",
        "question": "what model you are",
        "response": "I am ChatGPT."
    },
    {
        "timestamp": "2025-07-07T04:41:54.524092",
        "module": "Tourism",
        "response_time_ms": 1541,
        "user_id": "guest",
        "question": "what model you are",
        "response": "I am ChatGPT."
    },
    {
        "timestamp": "2025-07-07T04:43:33.387924",
        "module": "Tourism",
        "response_time_ms": 1479,
        "user_id": "guest",
        "question": "what model you are",
        "response": "I don't have that information."
    },
    {
        "timestamp": "2025-07-07T04:44:21.255735",
        "module": "Tourism",
        "response_time_ms": 897,
        "user_id": "guest",
        "question": "what model you are",
        "response": "I don't have that information."
    },
    {
        "timestamp": "2025-07-07T04:45:03.344211",
        "module": "Tourism",
        "response_time_ms": 851,
        "user_id": "guest",
        "question": "what model you are",
        "response": "I am ChatGPT."
    },
    {
        "timestamp": "2025-07-07T04:56:10.919647",
        "module": "Tourism",
        "response_time_ms": 1770,
        "user_id": "guest",
        "question": "what model you are",
        "response": "I am ChatGPT."
    },
    {
        "timestamp": "2025-07-07T04:59:21.782372",
        "module": "Tourism",
        "response_time_ms": 2252,
        "user_id": "guest",
        "question": "what model you are",
        "response": "I am ChatGPT."
    }
]