[
    {
        "timestamp": "2025-06-27T15:20:21.427997",
        "module": "Tourism",
        "response_time_ms": 1018
    },
    {
        "timestamp": "2025-06-27T15:20:43.851618",
        "module": "MM2H",
        "response_time_ms": 891
    },
    {
        "timestamp": "2025-06-27T15:27:37.508824",
        "module": "MM2H",
        "response_time_ms": 5051
    },
    {
        "timestamp": "2025-06-27T15:27:54.300715",
        "module": "MM2H",
        "response_time_ms": 2930
    },
    {
        "timestamp": "2025-06-27T15:28:05.856014",
        "module": "MM2H",
        "response_time_ms": 6832
    },
    {
        "timestamp": "2025-06-27T15:28:36.388172",
        "module": "MM2H",
        "response_time_ms": 3563
    },
    {
        "timestamp": "2025-06-27T15:29:03.328983",
        "module": "MM2H",
        "response_time_ms": 6750
    },
    {
        "timestamp": "2025-06-27T15:29:33.247995",
        "module": "MM2H",
        "response_time_ms": 7533
    },
    {
        "timestamp": "2025-06-27T15:29:49.966119",
        "module": "MM2H",
        "response_time_ms": 2604
    },
    {
        "timestamp": "2025-06-27T15:30:46.670176",
        "module": "Tourism",
        "response_time_ms": 3596
    },
    {
        "timestamp": "2025-06-27T15:31:06.119462",
        "module": "Tourism",
        "response_time_ms": 6059
    },
    {
        "timestamp": "2025-06-27T15:31:37.247091",
        "module": "Tourism",
        "response_time_ms": 3901
    },
    {
        "timestamp": "2025-06-28T15:25:08.457665",
        "module": "Tourism",
        "response_time_ms": 2923,
        "user_id": "guest",
        "question": "Hi",
        "response": "Hello there! How can I assist you with information about Sarawak’s attractions or festivals today?"
    },
    {
        "timestamp": "2025-06-28T16:48:49.711754",
        "module": "Tourism",
        "response_time_ms": 4019,
        "user_id": "guest",
        "question": "Hi",
        "response": "Hello! How can I assist you with Sarawak tourism today?"
    },
    {
        "timestamp": "2025-06-28T16:48:57.527467",
        "module": "Tourism",
        "response_time_ms": 3863,
        "user_id": "guest",
        "question": "Who are you?",
        "response": "I don’t have that information."
    },
    {
        "timestamp": "2025-06-28T16:49:04.033711",
        "module": "Tourism",
        "response_time_ms": 4218,
        "user_id": "guest",
        "question": "Byr",
        "response": "I’m sorry, I don’t have that information."
    },
    {
        "timestamp": "2025-06-28T16:49:08.377839",
        "module": "Tourism",
        "response_time_ms": 3640,
        "user_id": "guest",
        "question": "Bye",
        "response": "Goodbye! Hope to chat with you again about Sarawak’s amazing sights and festivals soon. Safe travels!"
    },
    {
        "timestamp": "2025-07-02T01:52:44.917357",
        "module": "Tourism",
        "response_time_ms": 5354,
        "user_id": "guest",
        "question": "你好",
        "response": "I don't have that information."
    },
    {
        "timestamp": "2025-07-02T01:53:32.413818",
        "module": "Tourism",
        "response_time_ms": 43045,
        "user_id": "guest",
        "question": "Hi",
        "response": "I don't have that information."
    },
    {
        "timestamp": "2025-07-02T01:53:58.300705",
        "module": "Tourism",
        "response_time_ms": 6852,
        "user_id": "guest",
        "question": "What can you tell me about Sarawak Tourism?",
        "response": "Sarawak offers vibrant cultural experiences and stunning natural wonders. One highlight is Gawai Dayak, celebrated every June 1st by the Dayak communities. This lively festival marks the end of the harvest season with rituals, traditional music, dance, and feasting—including *tuak* (rice wine). For nature enthusiasts, Gunung Mulu National Park, a UNESCO World Heritage Site, showcases incredible biodiversity. Rare sights like pitcher plants growing on cliff faces, as spotted by @shonephoto, highlight the park’s unique ecosystems."
    },
    {
        "timestamp": "2025-07-02T02:27:47.426623",
        "module": "Tourism",
        "response_time_ms": 13626,
        "user_id": "guest",
        "question": "Yo-ho",
        "response": "I don't have that information."
    }
]